id,procurement_number,farmer_id,crop_type_id,crop_code,village_id,procurement_date,bag_count,gross_weight_kg,moisture_pct,net_weight_kg,rate_per_quintal,gross_amount,deduction_amount,net_amount,status,notes,data_source
f49bc5be-c8d9-51a4-ad13-05721abfeb5d,SYN-PROC-2026-0001,1a72d6d2-3a5e-5d1e-afcb-7cbd0c3a98a2,545639a0-04e6-569d-b274-0e961b102b71,PADDY,97bc8297-5f82-5ad6-8e5c-de4c04c0e7d6,2026-06-09,20,1022.499,16.42,854.605,2303.01,19681.64,351.19,19330.45,confirmed,SYNTHETIC_DATA — safe to delete before loading real production data,synthetic
8c617ca7-f5b2-5994-abcf-c7ba1d7ab997,SYN-PROC-2026-0002,dbd2937a-c59d-5a9d-a0fb-76f4cf8398a2,545639a0-04e6-569d-b274-0e961b102b71,PADDY,97bc8297-5f82-5ad6-8e5c-de4c04c0e7d6,2026-01-07,19,1046.425,12.16,919.180,2159.65,19851.07,258.02,19593.05,confirmed,SYNTHETIC_DATA — safe to delete before loading real production data,synthetic
78387366-bb75-57b9-9ddb-a744b7cbc898,SYN-PROC-2026-0003,2710acc5-cd4c-5876-ad24-d5416cd040b5,545639a0-04e6-569d-b274-0e961b102b71,PADDY,97bc8297-5f82-5ad6-8e5c-de4c04c0e7d6,2026-03-26,5,293.117,12.96,255.129,2226.78,5681.16,31.57,5649.59,confirmed,SYNTHETIC_DATA — safe to delete before loading real production data,synthetic
2a6feb6e-28ba-5844-8d20-eb61d3e15a98,SYN-PROC-2026-0004,a7912009-53e9-5087-9ae4-f84f5f952c82,545639a0-04e6-569d-b274-0e961b102b71,PADDY,97bc8297-5f82-5ad6-8e5c-de4c04c0e7d6,2026-01-13,11,583.283,14.06,501.273,2179.36,10924.54,9.49,10915.05,confirmed,SYNTHETIC_DATA — safe to delete before loading real production data,synthetic
2007d9e3-53c9-5c39-a4fa-b588e7f073c6,SYN-PROC-2026-0005,b46ad471-88b4-5059-af95-a2291bb6b93f,9f8db97a-41f6-5609-9d0d-82930861f14c,CORN,97bc8297-5f82-5ad6-8e5c-de4c04c0e7d6,2026-04-03,40,2084.180,13.26,1807.818,2065.64,37343.01,270.09,37072.92,confirmed,SYNTHETIC_DATA — safe to delete before loading real production data,synthetic
3229d067-9932-5e7f-942c-4de28aafe96d,SYN-PROC-2026-0006,e23f1a83-3a70-5313-b980-1dc1a498a8f3,545639a0-04e6-569d-b274-0e961b102b71,PADDY,97bc8297-5f82-5ad6-8e5c-de4c04c0e7d6,2026-02-25,23,1421.241,17.13,1177.782,2359.95,27795.07,211.31,27583.76,confirmed,SYNTHETIC_DATA — safe to delete before loading real production data,synthetic
c7cc6180-604b-55f6-8c05-032f31f24b85,SYN-PROC-2026-0007,d79ad6b7-b73e-54c2-9ea1-822bb4d4554e,545639a0-04e6-569d-b274-0e961b102b71,PADDY,97bc8297-5f82-5ad6-8e5c-de4c04c0e7d6,2026-03-07,22,1272.161,16.10,1067.343,2121.42,22642.83,287.55,22355.28,confirmed,SYNTHETIC_DATA — safe to delete before loading real production data,synthetic
70b5f607-cd5e-5177-8c0d-493c543ff1be,SYN-PROC-2026-0008,d3672b5a-1ab8-5a43-86e4-2f1f8a684393,545639a0-04e6-569d-b274-0e961b102b71,PADDY,97bc8297-5f82-5ad6-8e5c-de4c04c0e7d6,2026-04-09,40,2042.984,13.95,1757.988,2330.49,40969.73,45.84,40923.89,confirmed,SYNTHETIC_DATA — safe to delete before loading real production data,synthetic
659afb11-9829-53de-8bb7-d35fd10b5425,SYN-PROC-2026-0009,4f82da27-704a-56cf-99b4-1c72eb8cafd6,545639a0-04e6-569d-b274-0e961b102b71,PADDY,97bc8297-5f82-5ad6-8e5c-de4c04c0e7d6,2026-01-07,25,1274.419,15.00,1083.256,2365.40,25623.34,329.44,25293.90,confirmed,SYNTHETIC_DATA — safe to delete before loading real production data,synthetic
13dcd6a3-7fb7-5cd3-bcba-33b435ca0c12,SYN-PROC-2026-0010,931f529a-503d-533c-bec3-adb440066644,545639a0-04e6-569d-b274-0e961b102b71,PADDY,97bc8297-5f82-5ad6-8e5c-de4c04c0e7d6,2026-05-18,21,1227.622,14.57,1048.757,2275.06,23859.85,172.74,23687.11,draft,SYNTHETIC_DATA — safe to delete before loading real production data,synthetic
745be72c-02c6-51e8-a076-6ba8dedf52e2,SYN-PROC-2026-0011,931f529a-503d-533c-bec3-adb440066644,545639a0-04e6-569d-b274-0e961b102b71,PADDY,97bc8297-5f82-5ad6-8e5c-de4c04c0e7d6,2026-01-25,8,480.444,12.92,418.371,2147.99,8986.57,122.30,8864.27,confirmed,SYNTHETIC_DATA — safe to delete before loading real production data,synthetic
13ba027f-3463-56e0-a391-ffb3e860fb9a,SYN-PROC-2026-0012,b9a7b8f1-c7d2-59de-976e-c64fa2dbf2ef,545639a0-04e6-569d-b274-0e961b102b71,PADDY,97bc8297-5f82-5ad6-8e5c-de4c04c0e7d6,2026-04-17,21,1293.497,17.16,1071.533,2103.44,22539.05,324.89,22214.16,confirmed,SYNTHETIC_DATA — safe to delete before loading real production data,synthetic
dc1da81e-0ae0-5d13-9da9-c490ac74856b,SYN-PROC-2026-0013,e1718eba-bbf2-599a-a144-583cf98a23d3,9f8db97a-41f6-5609-9d0d-82930861f14c,CORN,97bc8297-5f82-5ad6-8e5c-de4c04c0e7d6,2026-06-11,12,625.308,12.32,548.270,1800.97,9874.18,142.60,9731.58,confirmed,SYNTHETIC_DATA — safe to delete before loading real production data,synthetic
37e0410e-cc5e-5081-b4cb-68e19326a54c,SYN-PROC-2026-0014,9e0bcbe3-5678-5b4b-a6a5-64520cb23ff4,9f8db97a-41f6-5609-9d0d-82930861f14c,CORN,97bc8297-5f82-5ad6-8e5c-de4c04c0e7d6,2026-05-04,24,1434.801,13.02,1247.990,1859.67,23208.50,173.56,23034.94,confirmed,SYNTHETIC_DATA — safe to delete before loading real production data,synthetic
e67864bd-3bd7-51ce-9641-9b5389d8f47f,SYN-PROC-2026-0015,fd7b88af-a07a-5185-8b8f-ef310c498b74,9f8db97a-41f6-5609-9d0d-82930861f14c,CORN,97bc8297-5f82-5ad6-8e5c-de4c04c0e7d6,2026-01-20,25,1371.012,12.22,1203.474,1908.89,22972.99,452.72,22520.27,confirmed,SYNTHETIC_DATA — safe to delete before loading real production data,synthetic
b65233c2-fd59-5d9b-bf55-d575c1747e92,SYN-PROC-2026-0016,d3672b5a-1ab8-5a43-86e4-2f1f8a684393,545639a0-04e6-569d-b274-0e961b102b71,PADDY,97bc8297-5f82-5ad6-8e5c-de4c04c0e7d6,2026-05-03,10,582.467,16.90,484.030,2393.40,11584.77,123.43,11461.34,confirmed,SYNTHETIC_DATA — safe to delete before loading real production data,synthetic
1f64c97a-fee7-5fc5-8931-f0adc2397093,SYN-PROC-2026-0017,62da20c7-3d66-5a59-8ced-4312314e393c,545639a0-04e6-569d-b274-0e961b102b71,PADDY,97bc8297-5f82-5ad6-8e5c-de4c04c0e7d6,2026-05-06,21,1163.136,15.64,981.222,2389.31,23444.44,435.56,23008.88,confirmed,SYNTHETIC_DATA — safe to delete before loading real production data,synthetic
9649f95b-c09f-5007-987b-62668f6f288e,SYN-PROC-2026-0018,ff0ab9fe-510d-52c8-b082-9fca8e5de48e,545639a0-04e6-569d-b274-0e961b102b71,PADDY,97bc8297-5f82-5ad6-8e5c-de4c04c0e7d6,2026-03-13,28,1515.735,15.11,1286.707,2136.30,27487.92,123.53,27364.39,confirmed,SYNTHETIC_DATA — safe to delete before loading real production data,synthetic
7dcd5909-c77b-5510-8065-b9596e3c8a09,SYN-PROC-2026-0019,4a3307b7-74ab-512f-8369-aeb5f02cb65c,545639a0-04e6-569d-b274-0e961b102b71,PADDY,97bc8297-5f82-5ad6-8e5c-de4c04c0e7d6,2026-05-08,5,244.970,15.79,206.289,2168.68,4473.75,81.01,4392.74,confirmed,SYNTHETIC_DATA — safe to delete before loading real production data,synthetic
40e53256-978c-5f67-9d8b-ada36db8d8c6,SYN-PROC-2026-0020,e23f1a83-3a70-5313-b980-1dc1a498a8f3,545639a0-04e6-569d-b274-0e961b102b71,PADDY,97bc8297-5f82-5ad6-8e5c-de4c04c0e7d6,2026-03-22,36,1835.975,12.79,1601.154,2380.65,38117.87,435.34,37682.53,confirmed,SYNTHETIC_DATA — safe to delete before loading real production data,synthetic
38584087-d1b3-5c60-bf80-0ee1c42942ba,SYN-PROC-2026-0021,ed4fafc7-6f7f-586d-bccc-8e445a6c95a3,9f8db97a-41f6-5609-9d0d-82930861f14c,CORN,97bc8297-5f82-5ad6-8e5c-de4c04c0e7d6,2026-02-04,11,629.483,12.71,549.476,1923.33,10568.24,182.58,10385.66,confirmed,SYNTHETIC_DATA — safe to delete before loading real production data,synthetic
53e9fa3e-2100-5804-940c-bdd7873e8751,SYN-PROC-2026-0022,7b13273e-85cd-5a8d-b67c-44f706f6957e,9f8db97a-41f6-5609-9d0d-82930861f14c,CORN,97bc8297-5f82-5ad6-8e5c-de4c04c0e7d6,2026-01-02,30,1745.850,13.60,1508.414,1832.78,27645.91,105.93,27539.98,confirmed,SYNTHETIC_DATA — safe to delete before loading real production data,synthetic
77d73096-d818-551b-b2c6-ab36e1de8c45,SYN-PROC-2026-0023,931f529a-503d-533c-bec3-adb440066644,545639a0-04e6-569d-b274-0e961b102b71,PADDY,97bc8297-5f82-5ad6-8e5c-de4c04c0e7d6,2026-03-15,20,1204.856,12.45,1054.851,2342.41,24708.94,423.00,24285.94,confirmed,SYNTHETIC_DATA — safe to delete before loading real production data,synthetic
b2a1e8f3-7e25-57ed-b2ec-2d8469b92c4d,SYN-PROC-2026-0024,7b13273e-85cd-5a8d-b67c-44f706f6957e,9f8db97a-41f6-5609-9d0d-82930861f14c,CORN,97bc8297-5f82-5ad6-8e5c-de4c04c0e7d6,2026-01-03,20,1006.567,12.97,876.015,1864.12,16329.97,130.98,16198.99,confirmed,SYNTHETIC_DATA — safe to delete before loading real production data,synthetic
122ead27-8e12-5363-a695-cec4bf7c62ce,SYN-PROC-2026-0025,b9a7b8f1-c7d2-59de-976e-c64fa2dbf2ef,545639a0-04e6-569d-b274-0e961b102b71,PADDY,97bc8297-5f82-5ad6-8e5c-de4c04c0e7d6,2026-04-09,34,1767.779,16.18,1481.752,2319.15,34364.05,538.39,33825.66,confirmed,SYNTHETIC_DATA — safe to delete before loading real production data,synthetic
050ae9e3-44f4-57f8-afb7-c3e7ce2ce36b,SYN-PROC-2026-0026,777fa239-e1b9-5891-bef8-b6500c7b8824,545639a0-04e6-569d-b274-0e961b102b71,PADDY,97bc8297-5f82-5ad6-8e5c-de4c04c0e7d6,2026-03-07,8,448.868,15.25,380.416,2324.39,8842.35,10.11,8832.24,confirmed,SYNTHETIC_DATA — safe to delete before loading real production data,synthetic
4549a532-e0d6-585b-9984-b495a4372e9c,SYN-PROC-2026-0027,9e0bcbe3-5678-5b4b-a6a5-64520cb23ff4,9f8db97a-41f6-5609-9d0d-82930861f14c,CORN,97bc8297-5f82-5ad6-8e5c-de4c04c0e7d6,2026-05-06,8,491.607,12.16,431.828,1855.75,8013.65,95.37,7918.28,confirmed,SYNTHETIC_DATA — safe to delete before loading real production data,synthetic
a4a515ea-5755-5c0d-913a-dc819ac6c1dc,SYN-PROC-2026-0028,d3672b5a-1ab8-5a43-86e4-2f1f8a684393,545639a0-04e6-569d-b274-0e961b102b71,PADDY,97bc8297-5f82-5ad6-8e5c-de4c04c0e7d6,2026-05-08,7,396.699,14.52,339.098,2275.10,7714.82,80.66,7634.16,draft,SYNTHETIC_DATA — safe to delete before loading real production data,synthetic
cdcb6e29-8310-5aaa-8485-8ff7e49a3c4a,SYN-PROC-2026-0029,c35fb433-6404-5672-b66f-5f62d0b4dc15,9f8db97a-41f6-5609-9d0d-82930861f14c,CORN,97bc8297-5f82-5ad6-8e5c-de4c04c0e7d6,2026-03-08,21,1124.361,13.34,974.371,1890.00,18415.61,116.45,18299.16,confirmed,SYNTHETIC_DATA — safe to delete before loading real production data,synthetic
3a390579-9021-5fbb-9681-a9430c5e90b0,SYN-PROC-2026-0030,e23f1a83-3a70-5313-b980-1dc1a498a8f3,545639a0-04e6-569d-b274-0e961b102b71,PADDY,97bc8297-5f82-5ad6-8e5c-de4c04c0e7d6,2026-05-19,11,539.282,13.28,467.665,2179.56,10193.04,190.26,10002.78,confirmed,SYNTHETIC_DATA — safe to delete before loading real production data,synthetic
b34e8c3d-fd0a-5753-b06a-dca2098b6501,SYN-PROC-2026-0031,d3672b5a-1ab8-5a43-86e4-2f1f8a684393,545639a0-04e6-569d-b274-0e961b102b71,PADDY,97bc8297-5f82-5ad6-8e5c-de4c04c0e7d6,2026-02-15,39,2256.133,15.67,1902.597,2396.17,45589.46,596.29,44993.17,confirmed,SYNTHETIC_DATA — safe to delete before loading real production data,synthetic
1a1fdc96-7842-5f3b-9186-046cecf2c506,SYN-PROC-2026-0032,80552a75-5918-5180-8b53-f814269fbab3,545639a0-04e6-569d-b274-0e961b102b71,PADDY,97bc8297-5f82-5ad6-8e5c-de4c04c0e7d6,2026-06-04,13,672.133,17.34,555.585,2322.73,12904.74,40.12,12864.62,confirmed,SYNTHETIC_DATA — safe to delete before loading real production data,synthetic
635e016a-d0c0-519c-9b7e-772d41d54f22,SYN-PROC-2026-0033,c35fb433-6404-5672-b66f-5f62d0b4dc15,9f8db97a-41f6-5609-9d0d-82930861f14c,CORN,97bc8297-5f82-5ad6-8e5c-de4c04c0e7d6,2026-02-22,21,1156.590,12.50,1012.016,2072.45,20973.53,21.31,20952.22,confirmed,SYNTHETIC_DATA — safe to delete before loading real production data,synthetic
126fcd62-a601-5fe6-9517-886c7ce6c698,SYN-PROC-2026-0034,41a010ef-e1a9-552a-824a-ac8b5bc6a4e6,545639a0-04e6-569d-b274-0e961b102b71,PADDY,97bc8297-5f82-5ad6-8e5c-de4c04c0e7d6,2026-03-25,13,739.955,13.57,639.543,2322.37,14852.55,163.88,14688.67,confirmed,SYNTHETIC_DATA — safe to delete before loading real production data,synthetic
a3719ec7-2546-595d-95ed-43b959d94586,SYN-PROC-2026-0035,adee696a-53c2-50bd-acba-1bdee1019dac,545639a0-04e6-569d-b274-0e961b102b71,PADDY,97bc8297-5f82-5ad6-8e5c-de4c04c0e7d6,2026-06-05,39,1891.671,14.22,1622.675,2265.76,36765.92,316.03,36449.89,confirmed,SYNTHETIC_DATA — safe to delete before loading real production data,synthetic
ce38a391-7244-5107-b31e-5ae609e010aa,SYN-PROC-2026-0036,d79ad6b7-b73e-54c2-9ea1-822bb4d4554e,9f8db97a-41f6-5609-9d0d-82930861f14c,CORN,97bc8297-5f82-5ad6-8e5c-de4c04c0e7d6,2026-01-12,18,1035.881,13.33,897.798,1906.10,17112.93,191.62,16921.31,confirmed,SYNTHETIC_DATA — safe to delete before loading real production data,synthetic
e92503db-7edf-51df-a381-ef6938749921,SYN-PROC-2026-0037,57090268-e509-52e9-a8dc-76a310543e4d,9f8db97a-41f6-5609-9d0d-82930861f14c,CORN,97bc8297-5f82-5ad6-8e5c-de4c04c0e7d6,2026-02-28,15,925.003,13.62,799.018,2064.42,16495.09,8.18,16486.91,confirmed,SYNTHETIC_DATA — safe to delete before loading real production data,synthetic
540badd8-f6f8-53bb-a5db-fca26447be2e,SYN-PROC-2026-0038,d8b6ba35-39d2-5f67-9971-e2203da0de0c,9f8db97a-41f6-5609-9d0d-82930861f14c,CORN,97bc8297-5f82-5ad6-8e5c-de4c04c0e7d6,2026-04-26,20,1034.706,13.57,894.296,1832.43,16387.35,285.85,16101.50,confirmed,SYNTHETIC_DATA — safe to delete before loading real production data,synthetic
d556dc8e-5eee-5e96-9498-403bf890c0a5,SYN-PROC-2026-0039,2710acc5-cd4c-5876-ad24-d5416cd040b5,545639a0-04e6-569d-b274-0e961b102b71,PADDY,97bc8297-5f82-5ad6-8e5c-de4c04c0e7d6,2026-04-12,24,1427.700,17.23,1181.707,2166.88,25606.17,338.02,25268.15,confirmed,SYNTHETIC_DATA — safe to delete before loading real production data,synthetic
1da73120-0536-54e3-a5a6-ef50397c26a2,SYN-PROC-2026-0040,41a010ef-e1a9-552a-824a-ac8b5bc6a4e6,9f8db97a-41f6-5609-9d0d-82930861f14c,CORN,97bc8297-5f82-5ad6-8e5c-de4c04c0e7d6,2026-03-12,37,1983.033,13.96,1706.202,1960.86,33456.23,628.47,32827.76,confirmed,SYNTHETIC_DATA — safe to delete before loading real production data,synthetic
36232b62-5068-5404-8e1b-ea11feabdaa1,SYN-PROC-2026-0041,a5160272-e428-5c25-b4ca-55b56dd6a1c2,545639a0-04e6-569d-b274-0e961b102b71,PADDY,97bc8297-5f82-5ad6-8e5c-de4c04c0e7d6,2026-03-02,11,619.872,14.07,532.656,2335.93,12442.47,108.60,12333.87,draft,SYNTHETIC_DATA — safe to delete before loading real production data,synthetic
89af8d1c-402e-5776-acdb-c13bc1c751bd,SYN-PROC-2026-0042,b46ad471-88b4-5059-af95-a2291bb6b93f,545639a0-04e6-569d-b274-0e961b102b71,PADDY,97bc8297-5f82-5ad6-8e5c-de4c04c0e7d6,2026-05-07,21,1021.050,14.62,871.772,2255.98,19667.00,317.23,19349.77,confirmed,SYNTHETIC_DATA — safe to delete before loading real production data,synthetic
9c1d3c2c-0637-52f8-8a7b-310b4e17dfda,SYN-PROC-2026-0043,1867c2f1-cf69-59b2-a42e-d546b2128fb4,9f8db97a-41f6-5609-9d0d-82930861f14c,CORN,97bc8297-5f82-5ad6-8e5c-de4c04c0e7d6,2026-02-12,32,1567.348,13.33,1358.421,1899.06,25797.23,161.96,25635.27,confirmed,SYNTHETIC_DATA — safe to delete before loading real production data,synthetic
e998e30b-92fa-5bf6-9e8e-132527910a87,SYN-PROC-2026-0044,a644c1da-b85e-589a-b228-ad30545a278e,9f8db97a-41f6-5609-9d0d-82930861f14c,CORN,97bc8297-5f82-5ad6-8e5c-de4c04c0e7d6,2026-05-10,31,1629.563,13.39,1411.365,1966.32,27751.95,106.48,27645.47,confirmed,SYNTHETIC_DATA — safe to delete before loading real production data,synthetic
83a7b34e-74ec-562b-b1b7-9995705a6217,SYN-PROC-2026-0045,b9a7b8f1-c7d2-59de-976e-c64fa2dbf2ef,9f8db97a-41f6-5609-9d0d-82930861f14c,CORN,97bc8297-5f82-5ad6-8e5c-de4c04c0e7d6,2026-02-20,24,1288.441,13.67,1112.311,1891.16,21035.58,88.43,20947.15,confirmed,SYNTHETIC_DATA — safe to delete before loading real production data,synthetic
ad1f76c2-dadc-5a58-8000-7ea5718d087f,SYN-PROC-2026-0046,d0948db4-f218-5454-8105-b6f888e98eb2,9f8db97a-41f6-5609-9d0d-82930861f14c,CORN,97bc8297-5f82-5ad6-8e5c-de4c04c0e7d6,2026-04-15,33,1896.140,13.02,1649.263,2038.12,33613.96,645.28,32968.68,confirmed,SYNTHETIC_DATA — safe to delete before loading real production data,synthetic
3881cdc5-f0ea-59a2-93b0-1e1805e0b5d7,SYN-PROC-2026-0047,62da20c7-3d66-5a59-8ced-4312314e393c,545639a0-04e6-569d-b274-0e961b102b71,PADDY,97bc8297-5f82-5ad6-8e5c-de4c04c0e7d6,2026-05-22,26,1281.993,17.71,1054.952,2170.46,22897.31,142.16,22755.15,confirmed,SYNTHETIC_DATA — safe to delete before loading real production data,synthetic
447519c0-2e3c-54d8-b13a-5b808b3431bf,SYN-PROC-2026-0048,8ca25e8f-3286-506e-b86c-cf78499cbca0,545639a0-04e6-569d-b274-0e961b102b71,PADDY,97bc8297-5f82-5ad6-8e5c-de4c04c0e7d6,2026-02-16,9,489.382,17.32,404.621,2272.70,9195.82,132.12,9063.70,confirmed,SYNTHETIC_DATA — safe to delete before loading real production data,synthetic
f89e8f44-58c6-5f19-b5ed-430369141328,SYN-PROC-2026-0049,94dd0a69-bd62-5b21-9ecd-debd59365206,545639a0-04e6-569d-b274-0e961b102b71,PADDY,97bc8297-5f82-5ad6-8e5c-de4c04c0e7d6,2026-06-23,5,302.486,17.16,250.579,2365.64,5927.80,92.29,5835.51,confirmed,SYNTHETIC_DATA — safe to delete before loading real production data,synthetic
95affcf4-d7dd-5f87-963c-9f3ba19d9811,SYN-PROC-2026-0050,ff0ab9fe-510d-52c8-b082-9fca8e5de48e,545639a0-04e6-569d-b274-0e961b102b71,PADDY,97bc8297-5f82-5ad6-8e5c-de4c04c0e7d6,2026-01-18,20,1216.892,12.73,1061.982,2140.00,22726.41,211.19,22515.22,confirmed,SYNTHETIC_DATA — safe to delete before loading real production data,synthetic
507776b1-4982-546b-8234-c882b2f34378,SYN-PROC-2026-0051,80552a75-5918-5180-8b53-f814269fbab3,545639a0-04e6-569d-b274-0e961b102b71,PADDY,97bc8297-5f82-5ad6-8e5c-de4c04c0e7d6,2026-04-20,37,1997.052,17.44,1648.766,2233.77,36829.64,117.23,36712.41,confirmed,SYNTHETIC_DATA — safe to delete before loading real production data,synthetic
3d16e87f-0313-557f-9ce3-cd8aab6c774a,SYN-PROC-2026-0052,70ccacd5-972a-50c6-a77d-585aefc9e7b9,545639a0-04e6-569d-b274-0e961b102b71,PADDY,97bc8297-5f82-5ad6-8e5c-de4c04c0e7d6,2026-02-27,22,1291.871,15.13,1096.411,2288.02,25086.10,137.77,24948.33,confirmed,SYNTHETIC_DATA — safe to delete before loading real production data,synthetic
19e7959d-8411-52ca-a729-b50fc94da605,SYN-PROC-2026-0053,01213c68-e6ce-5141-84ed-04d7577bbec7,545639a0-04e6-569d-b274-0e961b102b71,PADDY,97bc8297-5f82-5ad6-8e5c-de4c04c0e7d6,2026-03-11,39,1915.995,12.90,1668.832,2214.91,36963.13,112.96,36850.17,confirmed,SYNTHETIC_DATA — safe to delete before loading real production data,synthetic
64369264-0645-5739-ad62-e7d6babab5cc,SYN-PROC-2026-0054,0423553d-c603-5259-85a2-df1e0b624403,545639a0-04e6-569d-b274-0e961b102b71,PADDY,97bc8297-5f82-5ad6-8e5c-de4c04c0e7d6,2026-05-15,31,1515.023,17.00,1257.469,2216.84,27876.08,429.18,27446.90,draft,SYNTHETIC_DATA — safe to delete before loading real production data,synthetic
55b44531-6fd0-5578-aa13-c520ceca1c59,SYN-PROC-2026-0055,c5243872-96d3-558c-ac8f-1e901a0e9f28,9f8db97a-41f6-5609-9d0d-82930861f14c,CORN,97bc8297-5f82-5ad6-8e5c-de4c04c0e7d6,2026-05-13,35,1682.889,12.70,1469.162,2026.04,29765.81,508.07,29257.74,draft,SYNTHETIC_DATA — safe to delete before loading real production data,synthetic
aa5a29de-18c0-5b47-ba33-71c70675051c,SYN-PROC-2026-0056,0423553d-c603-5259-85a2-df1e0b624403,545639a0-04e6-569d-b274-0e961b102b71,PADDY,97bc8297-5f82-5ad6-8e5c-de4c04c0e7d6,2026-06-18,19,1041.869,13.64,899.758,2245.69,20205.78,157.14,20048.64,confirmed,SYNTHETIC_DATA — safe to delete before loading real production data,synthetic
9a36ee85-3652-58f3-a0a2-fb59997561f5,SYN-PROC-2026-0057,94dd0a69-bd62-5b21-9ecd-debd59365206,9f8db97a-41f6-5609-9d0d-82930861f14c,CORN,97bc8297-5f82-5ad6-8e5c-de4c04c0e7d6,2026-04-05,39,1886.724,12.79,1645.412,1969.32,32403.43,17.56,32385.87,confirmed,SYNTHETIC_DATA — safe to delete before loading real production data,synthetic
0fbcf3e7-8f21-5f70-9c0d-22cee9bcad27,SYN-PROC-2026-0058,931f529a-503d-533c-bec3-adb440066644,9f8db97a-41f6-5609-9d0d-82930861f14c,CORN,97bc8297-5f82-5ad6-8e5c-de4c04c0e7d6,2026-02-02,21,1119.457,12.42,980.420,1898.05,18608.86,283.31,18325.55,confirmed,SYNTHETIC_DATA — safe to delete before loading real production data,synthetic
4ac9f3ca-28cf-52cd-8541-c95e8cdabf60,SYN-PROC-2026-0059,a7912009-53e9-5087-9ae4-f84f5f952c82,9f8db97a-41f6-5609-9d0d-82930861f14c,CORN,97bc8297-5f82-5ad6-8e5c-de4c04c0e7d6,2026-04-09,10,545.843,13.50,472.154,1815.63,8572.57,163.21,8409.36,confirmed,SYNTHETIC_DATA — safe to delete before loading real production data,synthetic
d356d16a-64f9-554e-845d-27bd6bf76777,SYN-PROC-2026-0060,e23f1a83-3a70-5313-b980-1dc1a498a8f3,9f8db97a-41f6-5609-9d0d-82930861f14c,CORN,97bc8297-5f82-5ad6-8e5c-de4c04c0e7d6,2026-06-02,6,367.767,12.40,322.164,1806.11,5818.64,17.73,5800.91,confirmed,SYNTHETIC_DATA — safe to delete before loading real production data,synthetic
2b6ad325-612b-58ec-a980-68e9475474e5,SYN-PROC-2026-0061,62da20c7-3d66-5a59-8ced-4312314e393c,545639a0-04e6-569d-b274-0e961b102b71,PADDY,97bc8297-5f82-5ad6-8e5c-de4c04c0e7d6,2026-02-15,21,1233.468,13.01,1072.994,2282.17,24487.55,366.30,24121.25,confirmed,SYNTHETIC_DATA — safe to delete before loading real production data,synthetic
b80e8f7c-1f4f-5b4c-9a18-7dca3af22ac7,SYN-PROC-2026-0062,87bbd5a3-3bbe-573a-a7f9-6e1f95f1fdba,9f8db97a-41f6-5609-9d0d-82930861f14c,CORN,97bc8297-5f82-5ad6-8e5c-de4c04c0e7d6,2026-01-19,6,366.027,13.15,317.894,2072.41,6588.07,49.45,6538.62,draft,SYNTHETIC_DATA — safe to delete before loading real production data,synthetic
85ce34e2-a18e-5581-9c10-e0eb98aa7ac8,SYN-PROC-2026-0063,eab53f31-02a3-5c3b-8740-8ff1a7e4cff4,545639a0-04e6-569d-b274-0e961b102b71,PADDY,97bc8297-5f82-5ad6-8e5c-de4c04c0e7d6,2026-06-27,20,988.532,16.63,824.139,2355.09,19409.22,233.07,19176.15,confirmed,SYNTHETIC_DATA — safe to delete before loading real production data,synthetic
f88af83e-66dd-565b-a70b-981698375690,SYN-PROC-2026-0064,24aff973-7678-5689-a9ed-67f64a577d80,9f8db97a-41f6-5609-9d0d-82930861f14c,CORN,97bc8297-5f82-5ad6-8e5c-de4c04c0e7d6,2026-03-18,32,1832.362,12.14,1609.913,1994.26,32105.85,8.12,32097.73,confirmed,SYNTHETIC_DATA — safe to delete before loading real production data,synthetic
7522e6e4-1ede-5462-8466-21a45f6fc811,SYN-PROC-2026-0065,777fa239-e1b9-5891-bef8-b6500c7b8824,545639a0-04e6-569d-b274-0e961b102b71,PADDY,97bc8297-5f82-5ad6-8e5c-de4c04c0e7d6,2026-03-21,34,1968.679,14.61,1681.055,2320.14,39002.83,753.12,38249.71,confirmed,SYNTHETIC_DATA — safe to delete before loading real production data,synthetic
aa197330-de3e-5a04-917b-cccc89ab36a8,SYN-PROC-2026-0066,e1718eba-bbf2-599a-a144-583cf98a23d3,9f8db97a-41f6-5609-9d0d-82930861f14c,CORN,97bc8297-5f82-5ad6-8e5c-de4c04c0e7d6,2026-04-14,22,1155.270,12.49,1010.977,2080.39,21032.26,117.33,20914.93,confirmed,SYNTHETIC_DATA — safe to delete before loading real production data,synthetic
7cdc95c3-30b0-5f82-8334-121a2fa8f5ba,SYN-PROC-2026-0067,a7912009-53e9-5087-9ae4-f84f5f952c82,545639a0-04e6-569d-b274-0e961b102b71,PADDY,97bc8297-5f82-5ad6-8e5c-de4c04c0e7d6,2026-05-22,29,1528.577,14.97,1299.749,2197.50,28561.98,278.51,28283.47,confirmed,SYNTHETIC_DATA — safe to delete before loading real production data,synthetic
b2df7a1f-08ab-5ee1-897e-a0f0e135117c,SYN-PROC-2026-0068,a5160272-e428-5c25-b4ca-55b56dd6a1c2,545639a0-04e6-569d-b274-0e961b102b71,PADDY,97bc8297-5f82-5ad6-8e5c-de4c04c0e7d6,2026-05-23,22,1227.184,15.10,1041.879,2157.32,22476.66,108.50,22368.16,confirmed,SYNTHETIC_DATA — safe to delete before loading real production data,synthetic
6083772f-278d-53e1-8373-40d52261baf0,SYN-PROC-2026-0069,80552a75-5918-5180-8b53-f814269fbab3,9f8db97a-41f6-5609-9d0d-82930861f14c,CORN,97bc8297-5f82-5ad6-8e5c-de4c04c0e7d6,2026-06-16,36,1953.880,12.03,1718.828,1888.27,32456.11,262.51,32193.60,confirmed,SYNTHETIC_DATA — safe to delete before loading real production data,synthetic
c22888eb-1fd5-57be-bf12-8046971dbce6,SYN-PROC-2026-0070,62da20c7-3d66-5a59-8ced-4312314e393c,545639a0-04e6-569d-b274-0e961b102b71,PADDY,97bc8297-5f82-5ad6-8e5c-de4c04c0e7d6,2026-04-18,38,2006.879,17.98,1646.042,2265.12,37284.83,262.34,37022.49,confirmed,SYNTHETIC_DATA — safe to delete before loading real production data,synthetic
9bbcf10a-e02e-56d2-9202-6ab4a58a7198,SYN-PROC-2026-0071,9febcfb4-314c-5159-89a9-f56738306649,545639a0-04e6-569d-b274-0e961b102b71,PADDY,97bc8297-5f82-5ad6-8e5c-de4c04c0e7d6,2026-01-24,17,891.100,16.46,744.425,2385.26,17756.47,245.10,17511.37,confirmed,SYNTHETIC_DATA — safe to delete before loading real production data,synthetic
df59551c-169c-5d1e-937e-4b4f0a472068,SYN-PROC-2026-0072,1867c2f1-cf69-59b2-a42e-d546b2128fb4,545639a0-04e6-569d-b274-0e961b102b71,PADDY,97bc8297-5f82-5ad6-8e5c-de4c04c0e7d6,2026-06-19,38,2141.493,17.88,1758.594,2349.79,41323.27,244.84,41078.43,confirmed,SYNTHETIC_DATA — safe to delete before loading real production data,synthetic
8ca6711a-0799-59cd-8ba7-c430c1f12c95,SYN-PROC-2026-0073,9febcfb4-314c-5159-89a9-f56738306649,545639a0-04e6-569d-b274-0e961b102b71,PADDY,97bc8297-5f82-5ad6-8e5c-de4c04c0e7d6,2026-05-05,22,1070.019,12.33,938.086,2187.64,20521.94,387.49,20134.45,confirmed,SYNTHETIC_DATA — safe to delete before loading real production data,synthetic
a98ccedc-bce2-514b-9ab6-cbff2b5f37e8,SYN-PROC-2026-0074,a7912009-53e9-5087-9ae4-f84f5f952c82,545639a0-04e6-569d-b274-0e961b102b71,PADDY,97bc8297-5f82-5ad6-8e5c-de4c04c0e7d6,2026-01-19,23,1255.146,14.64,1071.393,2155.31,23091.84,23.73,23068.11,draft,SYNTHETIC_DATA — safe to delete before loading real production data,synthetic
4bc13140-8315-561a-9ebc-6d3f4fe7b3bd,SYN-PROC-2026-0075,ed4fafc7-6f7f-586d-bccc-8e445a6c95a3,545639a0-04e6-569d-b274-0e961b102b71,PADDY,97bc8297-5f82-5ad6-8e5c-de4c04c0e7d6,2026-01-13,36,1765.337,15.78,1486.767,2116.08,31461.18,93.88,31367.30,confirmed,SYNTHETIC_DATA — safe to delete before loading real production data,synthetic
6db12588-c6c6-50b8-a8fd-eb4001ed7468,SYN-PROC-2026-0076,9febcfb4-314c-5159-89a9-f56738306649,545639a0-04e6-569d-b274-0e961b102b71,PADDY,97bc8297-5f82-5ad6-8e5c-de4c04c0e7d6,2026-02-04,40,2348.088,15.64,1980.847,2337.22,46296.75,208.97,46087.78,confirmed,SYNTHETIC_DATA — safe to delete before loading real production data,synthetic
e168d3df-7a6b-5e7f-9b7d-5d2f6fc3df81,SYN-PROC-2026-0077,70ccacd5-972a-50c6-a77d-585aefc9e7b9,9f8db97a-41f6-5609-9d0d-82930861f14c,CORN,97bc8297-5f82-5ad6-8e5c-de4c04c0e7d6,2026-03-28,32,1672.810,13.24,1451.330,1982.89,28778.28,425.97,28352.31,draft,SYNTHETIC_DATA — safe to delete before loading real production data,synthetic
e024470a-fe42-5f3e-a8eb-3a29aff881ee,SYN-PROC-2026-0078,c35fb433-6404-5672-b66f-5f62d0b4dc15,9f8db97a-41f6-5609-9d0d-82930861f14c,CORN,97bc8297-5f82-5ad6-8e5c-de4c04c0e7d6,2026-03-22,10,501.988,12.35,439.992,1822.52,8018.94,0.43,8018.51,confirmed,SYNTHETIC_DATA — safe to delete before loading real production data,synthetic
0f76d775-7c37-5445-8281-2ea93e1149ac,SYN-PROC-2026-0079,d0948db4-f218-5454-8105-b6f888e98eb2,545639a0-04e6-569d-b274-0e961b102b71,PADDY,97bc8297-5f82-5ad6-8e5c-de4c04c0e7d6,2026-01-08,23,1331.640,16.22,1115.648,2236.21,24948.23,342.98,24605.25,draft,SYNTHETIC_DATA — safe to delete before loading real production data,synthetic
340c20e5-41d2-5564-b263-9ce48b1cee4d,SYN-PROC-2026-0080,1a72d6d2-3a5e-5d1e-afcb-7cbd0c3a98a2,545639a0-04e6-569d-b274-0e961b102b71,PADDY,97bc8297-5f82-5ad6-8e5c-de4c04c0e7d6,2026-02-14,12,667.486,15.89,561.422,2372.52,13319.85,220.21,13099.64,confirmed,SYNTHETIC_DATA — safe to delete before loading real production data,synthetic
34e0dcd8-1bb9-588a-a606-f2780bcdac43,SYN-PROC-2026-0081,87bbd5a3-3bbe-573a-a7f9-6e1f95f1fdba,9f8db97a-41f6-5609-9d0d-82930861f14c,CORN,97bc8297-5f82-5ad6-8e5c-de4c04c0e7d6,2026-05-24,23,1245.407,12.94,1084.251,1891.23,20505.68,165.07,20340.61,confirmed,SYNTHETIC_DATA — safe to delete before loading real production data,synthetic
160aa059-9b5e-5dcd-a232-deb3f4d367fd,SYN-PROC-2026-0082,e1718eba-bbf2-599a-a144-583cf98a23d3,545639a0-04e6-569d-b274-0e961b102b71,PADDY,97bc8297-5f82-5ad6-8e5c-de4c04c0e7d6,2026-01-20,7,423.163,16.41,353.722,2281.11,8068.79,4.17,8064.62,confirmed,SYNTHETIC_DATA — safe to delete before loading real production data,synthetic
dd93306c-295e-5089-ab31-7ac6bcd9e4c4,SYN-PROC-2026-0083,b293a166-efff-5a60-bd1c-ff7065fc3cf3,9f8db97a-41f6-5609-9d0d-82930861f14c,CORN,97bc8297-5f82-5ad6-8e5c-de4c04c0e7d6,2026-05-19,6,371.964,13.34,322.344,1880.85,6062.81,4.88,6057.93,confirmed,SYNTHETIC_DATA — safe to delete before loading real production data,synthetic
892fd578-5b26-5d28-b03b-92adcc4921cc,SYN-PROC-2026-0084,ed4fafc7-6f7f-586d-bccc-8e445a6c95a3,545639a0-04e6-569d-b274-0e961b102b71,PADDY,97bc8297-5f82-5ad6-8e5c-de4c04c0e7d6,2026-04-09,16,991.316,14.62,846.386,2344.27,19841.57,384.55,19457.02,confirmed,SYNTHETIC_DATA — safe to delete before loading real production data,synthetic
e93868ce-ae9e-5918-95e7-343565ab5ffd,SYN-PROC-2026-0085,0423553d-c603-5259-85a2-df1e0b624403,545639a0-04e6-569d-b274-0e961b102b71,PADDY,97bc8297-5f82-5ad6-8e5c-de4c04c0e7d6,2026-06-04,15,789.259,16.16,661.715,2186.47,14468.20,273.50,14194.70,confirmed,SYNTHETIC_DATA — safe to delete before loading real production data,synthetic
10346c26-9797-515e-9ade-ca50c044c1b5,SYN-PROC-2026-0086,80552a75-5918-5180-8b53-f814269fbab3,545639a0-04e6-569d-b274-0e961b102b71,PADDY,97bc8297-5f82-5ad6-8e5c-de4c04c0e7d6,2026-01-11,21,1103.042,17.82,906.480,2221.25,20135.19,207.23,19927.96,draft,SYNTHETIC_DATA — safe to delete before loading real production data,synthetic
13472b69-0ddb-58a2-843b-8b608bf22e4e,SYN-PROC-2026-0087,62da20c7-3d66-5a59-8ced-4312314e393c,9f8db97a-41f6-5609-9d0d-82930861f14c,CORN,97bc8297-5f82-5ad6-8e5c-de4c04c0e7d6,2026-04-14,8,405.009,12.72,353.492,2026.93,7165.04,89.62,7075.42,confirmed,SYNTHETIC_DATA — safe to delete before loading real production data,synthetic
123cd5b7-9d53-5768-8d52-fac5052bcebd,SYN-PROC-2026-0088,c35fb433-6404-5672-b66f-5f62d0b4dc15,545639a0-04e6-569d-b274-0e961b102b71,PADDY,97bc8297-5f82-5ad6-8e5c-de4c04c0e7d6,2026-02-10,33,1990.951,14.91,1694.100,2108.66,35722.81,450.12,35272.69,confirmed,SYNTHETIC_DATA — safe to delete before loading real production data,synthetic
8702bc35-e6a8-5ef1-b37a-4b0a1691f307,SYN-PROC-2026-0089,ecc35567-845f-5270-94b0-5bb499ce1ffe,545639a0-04e6-569d-b274-0e961b102b71,PADDY,97bc8297-5f82-5ad6-8e5c-de4c04c0e7d6,2026-05-01,40,2148.475,13.35,1861.654,2352.42,43793.92,99.38,43694.54,draft,SYNTHETIC_DATA — safe to delete before loading real production data,synthetic
8dc72b17-5c71-5c85-b0f7-146ba40b0cbe,SYN-PROC-2026-0090,7b13273e-85cd-5a8d-b67c-44f706f6957e,9f8db97a-41f6-5609-9d0d-82930861f14c,CORN,97bc8297-5f82-5ad6-8e5c-de4c04c0e7d6,2026-04-23,23,1267.857,12.55,1108.741,2050.42,22733.85,445.69,22288.16,confirmed,SYNTHETIC_DATA — safe to delete before loading real production data,synthetic
48f2b8e6-4add-54da-abe1-4e109631d176,SYN-PROC-2026-0091,80552a75-5918-5180-8b53-f814269fbab3,545639a0-04e6-569d-b274-0e961b102b71,PADDY,97bc8297-5f82-5ad6-8e5c-de4c04c0e7d6,2026-02-20,37,2162.580,12.82,1885.337,2120.94,39986.87,617.94,39368.93,confirmed,SYNTHETIC_DATA — safe to delete before loading real production data,synthetic
10cad50b-0516-5111-b21d-d4d02f46e52d,SYN-PROC-2026-0092,d8b6ba35-39d2-5f67-9971-e2203da0de0c,9f8db97a-41f6-5609-9d0d-82930861f14c,CORN,97bc8297-5f82-5ad6-8e5c-de4c04c0e7d6,2026-05-09,5,259.799,12.60,227.064,1976.08,4486.97,89.64,4397.33,confirmed,SYNTHETIC_DATA — safe to delete before loading real production data,synthetic
1d780be8-51b6-5003-8a14-1139d8db859d,SYN-PROC-2026-0093,8ca25e8f-3286-506e-b86c-cf78499cbca0,545639a0-04e6-569d-b274-0e961b102b71,PADDY,97bc8297-5f82-5ad6-8e5c-de4c04c0e7d6,2026-04-12,26,1448.898,15.26,1227.796,2236.60,27460.89,176.73,27284.16,confirmed,SYNTHETIC_DATA — safe to delete before loading real production data,synthetic
a7f0187e-3d0b-5e43-a80f-bb6787007253,SYN-PROC-2026-0094,ff0ab9fe-510d-52c8-b082-9fca8e5de48e,545639a0-04e6-569d-b274-0e961b102b71,PADDY,97bc8297-5f82-5ad6-8e5c-de4c04c0e7d6,2026-04-08,31,1506.943,16.47,1258.749,2311.57,29096.86,472.19,28624.67,confirmed,SYNTHETIC_DATA — safe to delete before loading real production data,synthetic
934e5c3f-3086-5e15-96eb-018d8d135b47,SYN-PROC-2026-0095,62da20c7-3d66-5a59-8ced-4312314e393c,9f8db97a-41f6-5609-9d0d-82930861f14c,CORN,97bc8297-5f82-5ad6-8e5c-de4c04c0e7d6,2026-06-05,36,2214.272,12.25,1943.024,2089.61,40601.62,269.59,40332.03,confirmed,SYNTHETIC_DATA — safe to delete before loading real production data,synthetic
0b4273ee-a515-51b7-8483-1d589ee58a7a,SYN-PROC-2026-0096,70ccacd5-972a-50c6-a77d-585aefc9e7b9,545639a0-04e6-569d-b274-0e961b102b71,PADDY,97bc8297-5f82-5ad6-8e5c-de4c04c0e7d6,2026-04-01,14,752.356,15.93,632.506,2146.31,13575.54,127.47,13448.07,draft,SYNTHETIC_DATA — safe to delete before loading real production data,synthetic
4d6b4e85-3959-54fa-91f8-9a9f67dc4f89,SYN-PROC-2026-0097,d8b6ba35-39d2-5f67-9971-e2203da0de0c,9f8db97a-41f6-5609-9d0d-82930861f14c,CORN,97bc8297-5f82-5ad6-8e5c-de4c04c0e7d6,2026-04-21,10,599.247,13.70,517.150,2057.80,10641.91,80.88,10561.03,confirmed,SYNTHETIC_DATA — safe to delete before loading real production data,synthetic
7d1094be-d583-5e65-b89f-3a4ef861a5bd,SYN-PROC-2026-0098,ecc35567-845f-5270-94b0-5bb499ce1ffe,9f8db97a-41f6-5609-9d0d-82930861f14c,CORN,97bc8297-5f82-5ad6-8e5c-de4c04c0e7d6,2026-04-28,39,1891.601,12.14,1661.961,1989.35,33062.22,608.96,32453.26,draft,SYNTHETIC_DATA — safe to delete before loading real production data,synthetic
24e80356-189a-5ac4-8715-aa700bae3a8f,SYN-PROC-2026-0099,1867c2f1-cf69-59b2-a42e-d546b2128fb4,545639a0-04e6-569d-b274-0e961b102b71,PADDY,97bc8297-5f82-5ad6-8e5c-de4c04c0e7d6,2026-01-25,11,596.326,16.16,499.960,2371.03,11854.20,10.90,11843.30,confirmed,SYNTHETIC_DATA — safe to delete before loading real production data,synthetic
40a747f0-3afb-5bab-814b-4ebfe4d93c15,SYN-PROC-2026-0100,01213c68-e6ce-5141-84ed-04d7577bbec7,545639a0-04e6-569d-b274-0e961b102b71,PADDY,97bc8297-5f82-5ad6-8e5c-de4c04c0e7d6,2026-04-05,20,1108.727,15.40,937.983,2337.76,21927.79,74.55,21853.24,confirmed,SYNTHETIC_DATA — safe to delete before loading real production data,synthetic
7b07b572-acf0-5748-9684-30e45b6a2325,SYN-PROC-2026-0101,b9a7b8f1-c7d2-59de-976e-c64fa2dbf2ef,9f8db97a-41f6-5609-9d0d-82930861f14c,CORN,97bc8297-5f82-5ad6-8e5c-de4c04c0e7d6,2026-02-16,14,717.509,13.28,622.224,1937.87,12057.89,160.81,11897.08,confirmed,SYNTHETIC_DATA — safe to delete before loading real production data,synthetic
b9e0da75-e096-5f0f-97a9-ac9e51365685,SYN-PROC-2026-0102,23433e80-4b4d-5fc9-828c-d1237653f7e8,9f8db97a-41f6-5609-9d0d-82930861f14c,CORN,97bc8297-5f82-5ad6-8e5c-de4c04c0e7d6,2026-06-18,15,735.511,13.89,633.349,2096.30,13276.90,79.44,13197.46,draft,SYNTHETIC_DATA — safe to delete before loading real production data,synthetic
c2654a81-f334-5bb8-b561-431eaa27faac,SYN-PROC-2026-0103,ff0ab9fe-510d-52c8-b082-9fca8e5de48e,545639a0-04e6-569d-b274-0e961b102b71,PADDY,97bc8297-5f82-5ad6-8e5c-de4c04c0e7d6,2026-03-07,29,1738.454,12.64,1518.713,2214.41,33630.53,241.44,33389.09,confirmed,SYNTHETIC_DATA — safe to delete before loading real production data,synthetic
8354dcef-bb16-5bfa-89c0-7cbf34996d2f,SYN-PROC-2026-0104,ff0ab9fe-510d-52c8-b082-9fca8e5de48e,545639a0-04e6-569d-b274-0e961b102b71,PADDY,97bc8297-5f82-5ad6-8e5c-de4c04c0e7d6,2026-06-13,22,1058.494,17.19,876.539,2333.49,20453.95,398.28,20055.67,draft,SYNTHETIC_DATA — safe to delete before loading real production data,synthetic
c2f2dcab-2f53-52bb-8f47-7697b6092c78,SYN-PROC-2026-0105,1867c2f1-cf69-59b2-a42e-d546b2128fb4,545639a0-04e6-569d-b274-0e961b102b71,PADDY,97bc8297-5f82-5ad6-8e5c-de4c04c0e7d6,2026-03-25,19,1073.479,14.11,922.011,2290.99,21123.18,262.30,20860.88,confirmed,SYNTHETIC_DATA — safe to delete before loading real production data,synthetic
e584b956-553f-559b-96c3-f4e484e38d27,SYN-PROC-2026-0106,a644c1da-b85e-589a-b228-ad30545a278e,9f8db97a-41f6-5609-9d0d-82930861f14c,CORN,97bc8297-5f82-5ad6-8e5c-de4c04c0e7d6,2026-06-27,13,738.341,13.81,636.376,1993.90,12688.70,78.40,12610.30,confirmed,SYNTHETIC_DATA — safe to delete before loading real production data,synthetic
8b2e7834-4c1d-5de8-9357-b956cad6b222,SYN-PROC-2026-0107,4a3307b7-74ab-512f-8369-aeb5f02cb65c,545639a0-04e6-569d-b274-0e961b102b71,PADDY,97bc8297-5f82-5ad6-8e5c-de4c04c0e7d6,2026-02-03,23,1209.204,14.49,1033.990,2160.24,22336.67,351.36,21985.31,confirmed,SYNTHETIC_DATA — safe to delete before loading real production data,synthetic
6798e37a-d168-5c93-add2-8896cdb3d4fe,SYN-PROC-2026-0108,d79ad6b7-b73e-54c2-9ea1-822bb4d4554e,545639a0-04e6-569d-b274-0e961b102b71,PADDY,97bc8297-5f82-5ad6-8e5c-de4c04c0e7d6,2026-03-27,15,773.964,16.95,642.777,2244.55,14427.45,232.71,14194.74,confirmed,SYNTHETIC_DATA — safe to delete before loading real production data,synthetic
994791dc-5163-5c69-890c-691731238115,SYN-PROC-2026-0109,d8b6ba35-39d2-5f67-9971-e2203da0de0c,9f8db97a-41f6-5609-9d0d-82930861f14c,CORN,97bc8297-5f82-5ad6-8e5c-de4c04c0e7d6,2026-04-03,14,819.814,12.45,717.747,2002.90,14375.75,193.90,14181.85,confirmed,SYNTHETIC_DATA — safe to delete before loading real production data,synthetic
ee0ecc6e-2691-55e8-a48b-00e71e9e997b,SYN-PROC-2026-0110,80552a75-5918-5180-8b53-f814269fbab3,545639a0-04e6-569d-b274-0e961b102b71,PADDY,97bc8297-5f82-5ad6-8e5c-de4c04c0e7d6,2026-04-01,21,1165.752,14.73,994.037,2301.85,22881.24,307.68,22573.56,confirmed,SYNTHETIC_DATA — safe to delete before loading real production data,synthetic
6111567f-7bda-516b-88e4-d5add56e6a56,SYN-PROC-2026-0111,1a72d6d2-3a5e-5d1e-afcb-7cbd0c3a98a2,9f8db97a-41f6-5609-9d0d-82930861f14c,CORN,97bc8297-5f82-5ad6-8e5c-de4c04c0e7d6,2026-01-22,19,1037.413,13.24,900.060,2082.95,18747.80,122.99,18624.81,confirmed,SYNTHETIC_DATA — safe to delete before loading real production data,synthetic
653744fb-50cd-5d93-91e4-d89709f7bfed,SYN-PROC-2026-0112,7b13273e-85cd-5a8d-b67c-44f706f6957e,545639a0-04e6-569d-b274-0e961b102b71,PADDY,97bc8297-5f82-5ad6-8e5c-de4c04c0e7d6,2026-04-23,24,1370.144,12.70,1196.136,2113.60,25281.53,18.82,25262.71,draft,SYNTHETIC_DATA — safe to delete before loading real production data,synthetic
be570f11-581a-503b-8cdb-2aacc3924c26,SYN-PROC-2026-0113,b46ad471-88b4-5059-af95-a2291bb6b93f,545639a0-04e6-569d-b274-0e961b102b71,PADDY,97bc8297-5f82-5ad6-8e5c-de4c04c0e7d6,2026-05-05,29,1576.179,16.02,1323.675,2322.94,30748.18,581.74,30166.44,confirmed,SYNTHETIC_DATA — safe to delete before loading real production data,synthetic
566a4f33-0e41-51ce-875f-7b1fa636440b,SYN-PROC-2026-0114,1867c2f1-cf69-59b2-a42e-d546b2128fb4,9f8db97a-41f6-5609-9d0d-82930861f14c,CORN,97bc8297-5f82-5ad6-8e5c-de4c04c0e7d6,2026-04-21,11,656.389,13.23,569.549,2081.72,11856.42,66.33,11790.09,confirmed,SYNTHETIC_DATA — safe to delete before loading real production data,synthetic
4cb20348-860d-5136-941f-00ba1a42d3c9,SYN-PROC-2026-0115,c35fb433-6404-5672-b66f-5f62d0b4dc15,545639a0-04e6-569d-b274-0e961b102b71,PADDY,97bc8297-5f82-5ad6-8e5c-de4c04c0e7d6,2026-02-28,28,1382.947,16.11,1160.154,2263.34,26258.23,513.53,25744.70,confirmed,SYNTHETIC_DATA — safe to delete before loading real production data,synthetic
40d5b405-7145-52a9-8433-b08a0904d9de,SYN-PROC-2026-0116,94dd0a69-bd62-5b21-9ecd-debd59365206,545639a0-04e6-569d-b274-0e961b102b71,PADDY,97bc8297-5f82-5ad6-8e5c-de4c04c0e7d6,2026-01-28,34,1675.637,13.27,1453.280,2291.85,33307.00,646.88,32660.12,confirmed,SYNTHETIC_DATA — safe to delete before loading real production data,synthetic
56e12dd4-1453-5164-8693-4620c31d52d2,SYN-PROC-2026-0117,d8b6ba35-39d2-5f67-9971-e2203da0de0c,545639a0-04e6-569d-b274-0e961b102b71,PADDY,97bc8297-5f82-5ad6-8e5c-de4c04c0e7d6,2026-02-26,18,881.290,16.59,735.084,2162.15,15893.62,68.64,15824.98,confirmed,SYNTHETIC_DATA — safe to delete before loading real production data,synthetic
9f5cda2a-5b5e-510c-a1df-3fbc62bf6d0f,SYN-PROC-2026-0118,d8b6ba35-39d2-5f67-9971-e2203da0de0c,9f8db97a-41f6-5609-9d0d-82930861f14c,CORN,97bc8297-5f82-5ad6-8e5c-de4c04c0e7d6,2026-05-01,22,1320.389,12.29,1158.113,1839.00,21297.70,106.77,21190.93,confirmed,SYNTHETIC_DATA — safe to delete before loading real production data,synthetic
b30672ef-7ad4-55e7-a75f-6ccb88212a2e,SYN-PROC-2026-0119,62da20c7-3d66-5a59-8ced-4312314e393c,9f8db97a-41f6-5609-9d0d-82930861f14c,CORN,97bc8297-5f82-5ad6-8e5c-de4c04c0e7d6,2026-02-01,27,1594.614,12.48,1395.606,1897.13,26476.46,92.27,26384.19,confirmed,SYNTHETIC_DATA — safe to delete before loading real production data,synthetic
d9f91d9b-7782-5476-8690-aaff63818c52,SYN-PROC-2026-0120,1867c2f1-cf69-59b2-a42e-d546b2128fb4,545639a0-04e6-569d-b274-0e961b102b71,PADDY,97bc8297-5f82-5ad6-8e5c-de4c04c0e7d6,2026-01-24,9,492.007,16.67,409.989,2253.97,9241.03,20.16,9220.87,confirmed,SYNTHETIC_DATA — safe to delete before loading real production data,synthetic
05d5b3a5-ce83-57b4-b4ac-eb579c3f80e2,SYN-PROC-2026-0121,57090268-e509-52e9-a8dc-76a310543e4d,545639a0-04e6-569d-b274-0e961b102b71,PADDY,97bc8297-5f82-5ad6-8e5c-de4c04c0e7d6,2026-06-17,24,1305.902,17.78,1073.713,2118.25,22743.93,217.88,22526.05,confirmed,SYNTHETIC_DATA — safe to delete before loading real production data,synthetic
907b21cb-7737-5cfc-bbcf-32d12e237593,SYN-PROC-2026-0122,b293a166-efff-5a60-bd1c-ff7065fc3cf3,545639a0-04e6-569d-b274-0e961b102b71,PADDY,97bc8297-5f82-5ad6-8e5c-de4c04c0e7d6,2026-06-15,9,545.308,13.93,469.347,2144.50,10065.15,25.40,10039.75,confirmed,SYNTHETIC_DATA — safe to delete before loading real production data,synthetic
afc2f70a-2afd-59f9-92cf-08ef11ebedf4,SYN-PROC-2026-0123,4a3307b7-74ab-512f-8369-aeb5f02cb65c,545639a0-04e6-569d-b274-0e961b102b71,PADDY,97bc8297-5f82-5ad6-8e5c-de4c04c0e7d6,2026-03-13,38,1980.886,15.03,1683.159,2229.06,37518.62,595.12,36923.50,confirmed,SYNTHETIC_DATA — safe to delete before loading real production data,synthetic
7e78d995-c328-53b7-9a3e-9ba9f0de803f,SYN-PROC-2026-0124,7b13273e-85cd-5a8d-b67c-44f706f6957e,9f8db97a-41f6-5609-9d0d-82930861f14c,CORN,97bc8297-5f82-5ad6-8e5c-de4c04c0e7d6,2026-05-24,18,972.378,13.78,838.384,1924.14,16131.68,266.95,15864.73,confirmed,SYNTHETIC_DATA — safe to delete before loading real production data,synthetic
0ae67bb2-0445-5517-ae6a-004067a8b9f7,SYN-PROC-2026-0125,a644c1da-b85e-589a-b228-ad30545a278e,545639a0-04e6-569d-b274-0e961b102b71,PADDY,97bc8297-5f82-5ad6-8e5c-de4c04c0e7d6,2026-04-11,21,1118.045,12.92,973.594,2376.90,23141.36,31.07,23110.29,confirmed,SYNTHETIC_DATA — safe to delete before loading real production data,synthetic
1447822d-87ea-5be0-a6d3-0ac484fe5bd8,SYN-PROC-2026-0126,84f8d927-f24e-5037-871e-697196070402,545639a0-04e6-569d-b274-0e961b102b71,PADDY,97bc8297-5f82-5ad6-8e5c-de4c04c0e7d6,2026-06-24,28,1662.214,15.34,1407.230,2275.94,32027.71,359.73,31667.98,confirmed,SYNTHETIC_DATA — safe to delete before loading real production data,synthetic
504371b1-cdd2-59c2-854b-cee16ff1eb11,SYN-PROC-2026-0127,b46ad471-88b4-5059-af95-a2291bb6b93f,545639a0-04e6-569d-b274-0e961b102b71,PADDY,97bc8297-5f82-5ad6-8e5c-de4c04c0e7d6,2026-06-25,32,1924.905,16.33,1610.568,2390.52,38500.95,462.33,38038.62,confirmed,SYNTHETIC_DATA — safe to delete before loading real production data,synthetic
a79a2759-1dd9-533a-b66e-76e146257935,SYN-PROC-2026-0128,24aff973-7678-5689-a9ed-67f64a577d80,545639a0-04e6-569d-b274-0e961b102b71,PADDY,97bc8297-5f82-5ad6-8e5c-de4c04c0e7d6,2026-02-22,35,1789.880,12.65,1563.460,2353.61,36797.75,270.51,36527.24,confirmed,SYNTHETIC_DATA — safe to delete before loading real production data,synthetic
1c1b085d-c631-52b2-8ab2-f8955fa82a71,SYN-PROC-2026-0129,24aff973-7678-5689-a9ed-67f64a577d80,545639a0-04e6-569d-b274-0e961b102b71,PADDY,97bc8297-5f82-5ad6-8e5c-de4c04c0e7d6,2026-04-28,40,2465.746,16.91,2048.788,2284.07,46795.75,601.51,46194.24,confirmed,SYNTHETIC_DATA — safe to delete before loading real production data,synthetic
97561718-1c1f-51c4-93d4-0468d283ac4a,SYN-PROC-2026-0130,62da20c7-3d66-5a59-8ced-4312314e393c,9f8db97a-41f6-5609-9d0d-82930861f14c,CORN,97bc8297-5f82-5ad6-8e5c-de4c04c0e7d6,2026-03-01,16,829.213,13.52,717.103,2076.46,14890.36,104.54,14785.82,confirmed,SYNTHETIC_DATA — safe to delete before loading real production data,synthetic
1f00e3dd-3996-5a5a-92eb-4fdc29148fa5,SYN-PROC-2026-0131,8ca25e8f-3286-506e-b86c-cf78499cbca0,545639a0-04e6-569d-b274-0e961b102b71,PADDY,97bc8297-5f82-5ad6-8e5c-de4c04c0e7d6,2026-04-03,14,817.230,17.83,671.518,2127.53,14286.75,151.58,14135.17,confirmed,SYNTHETIC_DATA — safe to delete before loading real production data,synthetic
8f70fccc-4e9b-512a-8289-93d6464bac89,SYN-PROC-2026-0132,23433e80-4b4d-5fc9-828c-d1237653f7e8,545639a0-04e6-569d-b274-0e961b102b71,PADDY,97bc8297-5f82-5ad6-8e5c-de4c04c0e7d6,2026-03-10,25,1471.892,15.41,1245.073,2125.49,26463.90,27.84,26436.06,confirmed,SYNTHETIC_DATA — safe to delete before loading real production data,synthetic
a5a452b7-eb92-5f61-b735-81be00c0a851,SYN-PROC-2026-0133,57090268-e509-52e9-a8dc-76a310543e4d,545639a0-04e6-569d-b274-0e961b102b71,PADDY,97bc8297-5f82-5ad6-8e5c-de4c04c0e7d6,2026-01-09,33,1889.816,14.91,1608.044,2232.61,35901.35,196.14,35705.21,confirmed,SYNTHETIC_DATA — safe to delete before loading real production data,synthetic
50bfd725-7142-52dc-bbc2-b1555b585440,SYN-PROC-2026-0134,b46ad471-88b4-5059-af95-a2291bb6b93f,545639a0-04e6-569d-b274-0e961b102b71,PADDY,97bc8297-5f82-5ad6-8e5c-de4c04c0e7d6,2026-01-10,36,1993.575,13.85,1717.465,2166.16,37203.04,732.49,36470.55,confirmed,SYNTHETIC_DATA — safe to delete before loading real production data,synthetic
da1c237b-dc12-5a97-8095-76ba2e51abbd,SYN-PROC-2026-0135,c35fb433-6404-5672-b66f-5f62d0b4dc15,545639a0-04e6-569d-b274-0e961b102b71,PADDY,97bc8297-5f82-5ad6-8e5c-de4c04c0e7d6,2026-02-25,13,763.077,13.74,658.230,2136.00,14059.79,139.86,13919.93,confirmed,SYNTHETIC_DATA — safe to delete before loading real production data,synthetic
255ed357-7558-5d57-adda-d43a765dfb41,SYN-PROC-2026-0136,931f529a-503d-533c-bec3-adb440066644,545639a0-04e6-569d-b274-0e961b102b71,PADDY,97bc8297-5f82-5ad6-8e5c-de4c04c0e7d6,2026-06-08,37,2065.419,16.01,1734.745,2206.25,38272.81,303.94,37968.87,confirmed,SYNTHETIC_DATA — safe to delete before loading real production data,synthetic
f32a8503-0367-5bec-98ac-1a9666cee04a,SYN-PROC-2026-0137,dbd2937a-c59d-5a9d-a0fb-76f4cf8398a2,545639a0-04e6-569d-b274-0e961b102b71,PADDY,97bc8297-5f82-5ad6-8e5c-de4c04c0e7d6,2026-01-28,25,1401.516,15.44,1185.122,2312.85,27410.09,228.98,27181.11,confirmed,SYNTHETIC_DATA — safe to delete before loading real production data,synthetic
bb8e0edd-286e-5dfd-a5f3-eee99d86bb07,SYN-PROC-2026-0138,c5243872-96d3-558c-ac8f-1e901a0e9f28,9f8db97a-41f6-5609-9d0d-82930861f14c,CORN,97bc8297-5f82-5ad6-8e5c-de4c04c0e7d6,2026-02-26,34,2028.044,13.84,1747.363,1826.44,31914.54,539.03,31375.51,confirmed,SYNTHETIC_DATA — safe to delete before loading real production data,synthetic
7249995b-26d0-5cea-ad2b-a81b160d8322,SYN-PROC-2026-0139,4a3307b7-74ab-512f-8369-aeb5f02cb65c,545639a0-04e6-569d-b274-0e961b102b71,PADDY,97bc8297-5f82-5ad6-8e5c-de4c04c0e7d6,2026-01-13,24,1402.590,13.33,1215.625,2333.74,28369.53,43.34,28326.19,confirmed,SYNTHETIC_DATA — safe to delete before loading real production data,synthetic
c9b2b015-b3b2-56c9-bd9d-dfc0fd783883,SYN-PROC-2026-0140,deb4c617-e88b-5975-bb0e-5c244580e5bd,545639a0-04e6-569d-b274-0e961b102b71,PADDY,97bc8297-5f82-5ad6-8e5c-de4c04c0e7d6,2026-03-12,14,718.309,12.88,625.791,2159.18,13511.95,162.79,13349.16,confirmed,SYNTHETIC_DATA — safe to delete before loading real production data,synthetic
57bb1d02-7a9f-5c31-af14-e6edd378169b,SYN-PROC-2026-0141,7b13273e-85cd-5a8d-b67c-44f706f6957e,545639a0-04e6-569d-b274-0e961b102b71,PADDY,97bc8297-5f82-5ad6-8e5c-de4c04c0e7d6,2026-06-16,34,1991.116,16.56,1661.387,2234.67,37126.52,686.21,36440.31,confirmed,SYNTHETIC_DATA — safe to delete before loading real production data,synthetic
e178b1bb-53bb-5231-9f3e-29f1a9e052cd,SYN-PROC-2026-0142,1a72d6d2-3a5e-5d1e-afcb-7cbd0c3a98a2,9f8db97a-41f6-5609-9d0d-82930861f14c,CORN,97bc8297-5f82-5ad6-8e5c-de4c04c0e7d6,2026-03-28,25,1252.835,12.14,1100.741,1932.66,21273.58,128.84,21144.74,confirmed,SYNTHETIC_DATA — safe to delete before loading real production data,synthetic
a05f5ba0-7d4a-5776-97aa-937ed562286b,SYN-PROC-2026-0143,5ab7d3e2-e9cc-5859-bdbc-46f09de27fa8,545639a0-04e6-569d-b274-0e961b102b71,PADDY,97bc8297-5f82-5ad6-8e5c-de4c04c0e7d6,2026-01-10,34,1847.111,12.34,1619.178,2349.51,38042.75,58.38,37984.37,confirmed,SYNTHETIC_DATA — safe to delete before loading real production data,synthetic
9dfe43d6-7425-5e23-ac2a-82f8c5862074,SYN-PROC-2026-0144,84f8d927-f24e-5037-871e-697196070402,9f8db97a-41f6-5609-9d0d-82930861f14c,CORN,97bc8297-5f82-5ad6-8e5c-de4c04c0e7d6,2026-05-13,34,1908.237,13.91,1642.801,2021.68,33212.18,27.25,33184.93,draft,SYNTHETIC_DATA — safe to delete before loading real production data,synthetic
dae0a6d9-40f2-5c2d-a8cd-d8475ff94fac,SYN-PROC-2026-0145,24aff973-7678-5689-a9ed-67f64a577d80,9f8db97a-41f6-5609-9d0d-82930861f14c,CORN,97bc8297-5f82-5ad6-8e5c-de4c04c0e7d6,2026-03-20,35,1925.670,13.92,1657.617,1935.16,32077.54,520.28,31557.26,confirmed,SYNTHETIC_DATA — safe to delete before loading real production data,synthetic
c95808e9-4994-5366-bc4b-73337b679a49,SYN-PROC-2026-0146,ecc35567-845f-5270-94b0-5bb499ce1ffe,545639a0-04e6-569d-b274-0e961b102b71,PADDY,97bc8297-5f82-5ad6-8e5c-de4c04c0e7d6,2026-06-06,7,360.279,14.63,307.570,2231.83,6864.44,71.77,6792.67,confirmed,SYNTHETIC_DATA — safe to delete before loading real production data,synthetic
ed671b8e-7c6c-5474-80bd-536d0dd23ca0,SYN-PROC-2026-0147,d79ad6b7-b73e-54c2-9ea1-822bb4d4554e,9f8db97a-41f6-5609-9d0d-82930861f14c,CORN,97bc8297-5f82-5ad6-8e5c-de4c04c0e7d6,2026-04-14,26,1495.119,12.10,1314.210,1989.27,26143.19,174.98,25968.21,confirmed,SYNTHETIC_DATA — safe to delete before loading real production data,synthetic
7a6ef48d-1e7d-5276-99c0-dbf03b4cff73,SYN-PROC-2026-0148,80552a75-5918-5180-8b53-f814269fbab3,9f8db97a-41f6-5609-9d0d-82930861f14c,CORN,97bc8297-5f82-5ad6-8e5c-de4c04c0e7d6,2026-03-09,14,737.339,13.17,640.231,1842.43,11795.81,82.53,11713.28,draft,SYNTHETIC_DATA — safe to delete before loading real production data,synthetic
8d4ded59-be17-5da2-8cbd-96015d50cab7,SYN-PROC-2026-0149,ff0ab9fe-510d-52c8-b082-9fca8e5de48e,9f8db97a-41f6-5609-9d0d-82930861f14c,CORN,97bc8297-5f82-5ad6-8e5c-de4c04c0e7d6,2026-02-20,10,523.341,12.75,456.615,2037.50,9303.53,151.31,9152.22,confirmed,SYNTHETIC_DATA — safe to delete before loading real production data,synthetic
ff444ab4-9b59-5e2e-b0b4-ede6ce2a3c27,SYN-PROC-2026-0150,1867c2f1-cf69-59b2-a42e-d546b2128fb4,9f8db97a-41f6-5609-9d0d-82930861f14c,CORN,97bc8297-5f82-5ad6-8e5c-de4c04c0e7d6,2026-05-03,32,1763.803,12.04,1551.441,1892.66,29363.50,558.59,28804.91,confirmed,SYNTHETIC_DATA — safe to delete before loading real production data,synthetic
a776a5ae-700d-55b2-99e2-cefc1f3adc45,SYN-PROC-2026-0151,fd7b88af-a07a-5185-8b8f-ef310c498b74,545639a0-04e6-569d-b274-0e961b102b71,PADDY,97bc8297-5f82-5ad6-8e5c-de4c04c0e7d6,2026-02-05,14,687.124,17.07,569.832,2130.34,12139.36,187.16,11952.20,confirmed,SYNTHETIC_DATA — safe to delete before loading real production data,synthetic
7eaeab7a-48c8-5a0b-8969-824391fdfbcd,SYN-PROC-2026-0152,deb4c617-e88b-5975-bb0e-5c244580e5bd,545639a0-04e6-569d-b274-0e961b102b71,PADDY,97bc8297-5f82-5ad6-8e5c-de4c04c0e7d6,2026-03-25,13,732.699,12.93,637.961,2154.25,13743.27,190.44,13552.83,confirmed,SYNTHETIC_DATA — safe to delete before loading real production data,synthetic
9b3cdd71-b353-555e-bb68-44051b318fdd,SYN-PROC-2026-0153,87bbd5a3-3bbe-573a-a7f9-6e1f95f1fdba,9f8db97a-41f6-5609-9d0d-82930861f14c,CORN,97bc8297-5f82-5ad6-8e5c-de4c04c0e7d6,2026-01-14,28,1609.134,12.48,1408.314,1933.26,27226.37,155.15,27071.22,confirmed,SYNTHETIC_DATA — safe to delete before loading real production data,synthetic
e7793974-1981-5d43-85b4-ba64bf9f1448,SYN-PROC-2026-0154,70ccacd5-972a-50c6-a77d-585aefc9e7b9,545639a0-04e6-569d-b274-0e961b102b71,PADDY,97bc8297-5f82-5ad6-8e5c-de4c04c0e7d6,2026-02-10,35,2122.947,13.16,1843.567,2303.49,42466.38,484.47,41981.91,confirmed,SYNTHETIC_DATA — safe to delete before loading real production data,synthetic
9b369074-3a84-57d5-9b5a-19448c488365,SYN-PROC-2026-0155,fd7b88af-a07a-5185-8b8f-ef310c498b74,545639a0-04e6-569d-b274-0e961b102b71,PADDY,97bc8297-5f82-5ad6-8e5c-de4c04c0e7d6,2026-04-17,38,2046.728,12.97,1781.267,2159.91,38473.76,465.27,38008.49,confirmed,SYNTHETIC_DATA — safe to delete before loading real production data,synthetic
3af5356f-0c5b-50e9-9b04-d8ca11df420d,SYN-PROC-2026-0156,5ab7d3e2-e9cc-5859-bdbc-46f09de27fa8,9f8db97a-41f6-5609-9d0d-82930861f14c,CORN,97bc8297-5f82-5ad6-8e5c-de4c04c0e7d6,2026-03-18,11,637.556,13.03,554.482,1837.40,10188.05,17.09,10170.96,confirmed,SYNTHETIC_DATA — safe to delete before loading real production data,synthetic
c2c5a97a-81ab-5208-87c2-89cf6cf52301,SYN-PROC-2026-0157,70ccacd5-972a-50c6-a77d-585aefc9e7b9,9f8db97a-41f6-5609-9d0d-82930861f14c,CORN,97bc8297-5f82-5ad6-8e5c-de4c04c0e7d6,2026-02-27,32,1577.088,13.82,1359.134,2045.01,27794.43,491.76,27302.67,draft,SYNTHETIC_DATA — safe to delete before loading real production data,synthetic
cb6eb184-f1b8-5da7-b386-c26271940f1b,SYN-PROC-2026-0158,0423553d-c603-5259-85a2-df1e0b624403,545639a0-04e6-569d-b274-0e961b102b71,PADDY,97bc8297-5f82-5ad6-8e5c-de4c04c0e7d6,2026-05-12,20,1068.127,12.49,934.718,2167.36,20258.70,129.12,20129.58,confirmed,SYNTHETIC_DATA — safe to delete before loading real production data,synthetic
ed50d7d5-3ac4-52f4-bb5d-f390f48f98d8,SYN-PROC-2026-0159,ecc35567-845f-5270-94b0-5bb499ce1ffe,9f8db97a-41f6-5609-9d0d-82930861f14c,CORN,97bc8297-5f82-5ad6-8e5c-de4c04c0e7d6,2026-02-05,7,364.114,13.66,314.376,2008.82,6315.25,17.53,6297.72,confirmed,SYNTHETIC_DATA — safe to delete before loading real production data,synthetic
8dfd5931-a6a3-5017-8a20-1e589958cf45,SYN-PROC-2026-0160,70ccacd5-972a-50c6-a77d-585aefc9e7b9,9f8db97a-41f6-5609-9d0d-82930861f14c,CORN,97bc8297-5f82-5ad6-8e5c-de4c04c0e7d6,2026-01-01,21,1071.402,12.30,939.620,2082.07,19563.55,238.24,19325.31,confirmed,SYNTHETIC_DATA — safe to delete before loading real production data,synthetic
0e1c2ed1-a8ea-5360-a5e6-dfb4acc48f66,SYN-PROC-2026-0161,fd7b88af-a07a-5185-8b8f-ef310c498b74,545639a0-04e6-569d-b274-0e961b102b71,PADDY,97bc8297-5f82-5ad6-8e5c-de4c04c0e7d6,2026-03-04,8,410.705,15.83,345.690,2286.84,7905.38,9.93,7895.45,confirmed,SYNTHETIC_DATA — safe to delete before loading real production data,synthetic
878222a2-f5e7-513a-b3fe-95ad4d2b9b8b,SYN-PROC-2026-0162,777fa239-e1b9-5891-bef8-b6500c7b8824,545639a0-04e6-569d-b274-0e961b102b71,PADDY,97bc8297-5f82-5ad6-8e5c-de4c04c0e7d6,2026-01-21,37,2073.875,16.31,1735.626,2187.38,37964.74,1.19,37963.55,confirmed,SYNTHETIC_DATA — safe to delete before loading real production data,synthetic
7bdbe041-1824-5065-86b6-8fc448f176d2,SYN-PROC-2026-0163,24aff973-7678-5689-a9ed-67f64a577d80,545639a0-04e6-569d-b274-0e961b102b71,PADDY,97bc8297-5f82-5ad6-8e5c-de4c04c0e7d6,2026-06-22,10,553.288,14.16,474.942,2386.02,11332.21,123.31,11208.90,confirmed,SYNTHETIC_DATA — safe to delete before loading real production data,synthetic
13c373fa-aa6d-5cd0-8dbf-b4e1ce4592d0,SYN-PROC-2026-0164,9e0bcbe3-5678-5b4b-a6a5-64520cb23ff4,545639a0-04e6-569d-b274-0e961b102b71,PADDY,97bc8297-5f82-5ad6-8e5c-de4c04c0e7d6,2026-04-28,35,1701.332,14.32,1457.701,2211.99,32244.20,481.93,31762.27,confirmed,SYNTHETIC_DATA — safe to delete before loading real production data,synthetic
9a1936ba-015d-5412-a313-2d7d912b03c2,SYN-PROC-2026-0165,e23f1a83-3a70-5313-b980-1dc1a498a8f3,545639a0-04e6-569d-b274-0e961b102b71,PADDY,97bc8297-5f82-5ad6-8e5c-de4c04c0e7d6,2026-06-22,11,646.811,16.41,540.669,2199.76,11893.42,10.55,11882.87,confirmed,SYNTHETIC_DATA — safe to delete before loading real production data,synthetic
2229fdb4-d4ee-5113-9c4b-52c424df3095,SYN-PROC-2026-0166,7b13273e-85cd-5a8d-b67c-44f706f6957e,545639a0-04e6-569d-b274-0e961b102b71,PADDY,97bc8297-5f82-5ad6-8e5c-de4c04c0e7d6,2026-06-15,35,1989.551,16.87,1653.914,2118.93,35045.28,544.04,34501.24,confirmed,SYNTHETIC_DATA — safe to delete before loading real production data,synthetic
9addaca6-0100-5d49-97eb-07ee0ccd92d4,SYN-PROC-2026-0167,01213c68-e6ce-5141-84ed-04d7577bbec7,545639a0-04e6-569d-b274-0e961b102b71,PADDY,97bc8297-5f82-5ad6-8e5c-de4c04c0e7d6,2026-02-02,25,1526.680,15.09,1296.304,2396.74,31069.04,337.43,30731.61,confirmed,SYNTHETIC_DATA — safe to delete before loading real production data,synthetic
1ecd174f-7983-58e6-b7ce-fecb6e93c4de,SYN-PROC-2026-0168,a7912009-53e9-5087-9ae4-f84f5f952c82,9f8db97a-41f6-5609-9d0d-82930861f14c,CORN,97bc8297-5f82-5ad6-8e5c-de4c04c0e7d6,2026-03-12,8,480.969,12.66,420.078,1837.34,7718.26,56.81,7661.45,confirmed,SYNTHETIC_DATA — safe to delete before loading real production data,synthetic
2421ca35-9f52-5eac-95f5-c4f23b05e03e,SYN-PROC-2026-0169,1867c2f1-cf69-59b2-a42e-d546b2128fb4,545639a0-04e6-569d-b274-0e961b102b71,PADDY,97bc8297-5f82-5ad6-8e5c-de4c04c0e7d6,2026-04-11,16,879.150,14.99,747.365,2377.29,17767.03,184.52,17582.51,confirmed,SYNTHETIC_DATA — safe to delete before loading real production data,synthetic
1688b36b-f87f-5f4c-b02a-66b630ec6129,SYN-PROC-2026-0170,a644c1da-b85e-589a-b228-ad30545a278e,545639a0-04e6-569d-b274-0e961b102b71,PADDY,97bc8297-5f82-5ad6-8e5c-de4c04c0e7d6,2026-04-20,16,890.186,13.93,766.183,2124.02,16273.88,215.11,16058.77,confirmed,SYNTHETIC_DATA — safe to delete before loading real production data,synthetic
d1a2a6b2-903d-5196-8b8a-0edb8b780f55,SYN-PROC-2026-0171,d0948db4-f218-5454-8105-b6f888e98eb2,9f8db97a-41f6-5609-9d0d-82930861f14c,CORN,97bc8297-5f82-5ad6-8e5c-de4c04c0e7d6,2026-02-23,33,1746.415,12.08,1535.448,2061.01,31645.74,223.14,31422.60,draft,SYNTHETIC_DATA — safe to delete before loading real production data,synthetic
f51c16ae-833f-5d4b-bad3-0cd87a9cc0f9,SYN-PROC-2026-0172,41a010ef-e1a9-552a-824a-ac8b5bc6a4e6,9f8db97a-41f6-5609-9d0d-82930861f14c,CORN,97bc8297-5f82-5ad6-8e5c-de4c04c0e7d6,2026-01-03,30,1592.591,13.60,1375.999,2003.82,27572.54,525.42,27047.12,confirmed,SYNTHETIC_DATA — safe to delete before loading real production data,synthetic
df50d2b8-9134-5fb2-8639-73a21bed33be,SYN-PROC-2026-0173,d0948db4-f218-5454-8105-b6f888e98eb2,9f8db97a-41f6-5609-9d0d-82930861f14c,CORN,97bc8297-5f82-5ad6-8e5c-de4c04c0e7d6,2026-04-02,13,636.236,13.56,549.962,1909.90,10503.72,80.43,10423.29,confirmed,SYNTHETIC_DATA — safe to delete before loading real production data,synthetic
36bef026-3908-52ef-a91e-939513b7f499,SYN-PROC-2026-0174,d0948db4-f218-5454-8105-b6f888e98eb2,545639a0-04e6-569d-b274-0e961b102b71,PADDY,97bc8297-5f82-5ad6-8e5c-de4c04c0e7d6,2026-04-12,28,1518.024,12.46,1328.878,2141.31,28455.40,208.83,28246.57,confirmed,SYNTHETIC_DATA — safe to delete before loading real production data,synthetic
4e7c6ee2-5c9e-5c09-98fe-df47c360be84,SYN-PROC-2026-0175,41a010ef-e1a9-552a-824a-ac8b5bc6a4e6,545639a0-04e6-569d-b274-0e961b102b71,PADDY,97bc8297-5f82-5ad6-8e5c-de4c04c0e7d6,2026-01-01,16,879.786,14.32,753.801,2268.50,17099.98,89.53,17010.45,confirmed,SYNTHETIC_DATA — safe to delete before loading real production data,synthetic
eede6aea-fb95-57cd-8f0d-e2a7043256da,SYN-PROC-2026-0176,70ccacd5-972a-50c6-a77d-585aefc9e7b9,545639a0-04e6-569d-b274-0e961b102b71,PADDY,97bc8297-5f82-5ad6-8e5c-de4c04c0e7d6,2026-05-10,36,1828.890,12.81,1594.609,2122.22,33841.11,116.86,33724.25,confirmed,SYNTHETIC_DATA — safe to delete before loading real production data,synthetic
47994612-de08-5b32-936c-78373f128353,SYN-PROC-2026-0177,84f8d927-f24e-5037-871e-697196070402,9f8db97a-41f6-5609-9d0d-82930861f14c,CORN,97bc8297-5f82-5ad6-8e5c-de4c04c0e7d6,2026-03-22,27,1564.206,13.10,1359.295,1887.11,25651.39,153.89,25497.50,confirmed,SYNTHETIC_DATA — safe to delete before loading real production data,synthetic
51d189b0-0dc8-536d-9c8b-05709d09e466,SYN-PROC-2026-0178,ecc35567-845f-5270-94b0-5bb499ce1ffe,9f8db97a-41f6-5609-9d0d-82930861f14c,CORN,97bc8297-5f82-5ad6-8e5c-de4c04c0e7d6,2026-06-06,28,1543.432,12.24,1354.516,1860.29,25197.93,69.99,25127.94,confirmed,SYNTHETIC_DATA — safe to delete before loading real production data,synthetic
60f5e38e-c0d0-5ef4-baea-c7aae0403c1e,SYN-PROC-2026-0179,c5243872-96d3-558c-ac8f-1e901a0e9f28,545639a0-04e6-569d-b274-0e961b102b71,PADDY,97bc8297-5f82-5ad6-8e5c-de4c04c0e7d6,2026-05-12,34,2014.543,15.31,1706.116,2283.58,38960.52,67.18,38893.34,confirmed,SYNTHETIC_DATA — safe to delete before loading real production data,synthetic
c69556b5-bb99-5cee-8bfa-d2535a745bf2,SYN-PROC-2026-0180,ecc35567-845f-5270-94b0-5bb499ce1ffe,9f8db97a-41f6-5609-9d0d-82930861f14c,CORN,97bc8297-5f82-5ad6-8e5c-de4c04c0e7d6,2026-05-14,31,1845.329,12.15,1621.122,2091.71,33909.17,435.62,33473.55,confirmed,SYNTHETIC_DATA — safe to delete before loading real production data,synthetic
63ebb736-a4d0-5fb7-aae7-0f32c094f1f6,SYN-PROC-2026-0181,b293a166-efff-5a60-bd1c-ff7065fc3cf3,545639a0-04e6-569d-b274-0e961b102b71,PADDY,97bc8297-5f82-5ad6-8e5c-de4c04c0e7d6,2026-02-27,40,2278.285,13.09,1980.057,2389.88,47320.99,409.44,46911.55,draft,SYNTHETIC_DATA — safe to delete before loading real production data,synthetic
f852bf3f-4850-58cb-96cc-89527aa906cd,SYN-PROC-2026-0182,5ab7d3e2-e9cc-5859-bdbc-46f09de27fa8,9f8db97a-41f6-5609-9d0d-82930861f14c,CORN,97bc8297-5f82-5ad6-8e5c-de4c04c0e7d6,2026-05-05,24,1207.325,12.65,1054.598,2012.80,21226.95,146.90,21080.05,draft,SYNTHETIC_DATA — safe to delete before loading real production data,synthetic
19e27314-2906-5f3f-86b0-21cd3b9a917b,SYN-PROC-2026-0183,01213c68-e6ce-5141-84ed-04d7577bbec7,9f8db97a-41f6-5609-9d0d-82930861f14c,CORN,97bc8297-5f82-5ad6-8e5c-de4c04c0e7d6,2026-03-07,40,2073.693,13.25,1798.929,1984.33,35696.69,66.70,35629.99,confirmed,SYNTHETIC_DATA — safe to delete before loading real production data,synthetic
ab83da93-8654-5105-ad06-ad6729b5ea09,SYN-PROC-2026-0184,4a3307b7-74ab-512f-8369-aeb5f02cb65c,9f8db97a-41f6-5609-9d0d-82930861f14c,CORN,97bc8297-5f82-5ad6-8e5c-de4c04c0e7d6,2026-02-06,26,1554.681,13.13,1350.551,2047.57,27653.48,15.69,27637.79,confirmed,SYNTHETIC_DATA — safe to delete before loading real production data,synthetic
3e3c5599-9ec1-57e1-872e-2c5baba1492b,SYN-PROC-2026-0185,7b13273e-85cd-5a8d-b67c-44f706f6957e,9f8db97a-41f6-5609-9d0d-82930861f14c,CORN,97bc8297-5f82-5ad6-8e5c-de4c04c0e7d6,2026-03-21,18,1057.274,12.83,921.626,1991.70,18356.03,182.84,18173.19,confirmed,SYNTHETIC_DATA — safe to delete before loading real production data,synthetic
4b7000bc-b9e0-51e9-82c7-a639e21e1407,SYN-PROC-2026-0186,01213c68-e6ce-5141-84ed-04d7577bbec7,9f8db97a-41f6-5609-9d0d-82930861f14c,CORN,97bc8297-5f82-5ad6-8e5c-de4c04c0e7d6,2026-03-16,20,1185.313,13.37,1026.837,1889.23,19399.31,28.31,19371.00,confirmed,SYNTHETIC_DATA — safe to delete before loading real production data,synthetic
86b55f4f-64a0-506e-8908-92ab8c860b25,SYN-PROC-2026-0187,70ccacd5-972a-50c6-a77d-585aefc9e7b9,545639a0-04e6-569d-b274-0e961b102b71,PADDY,97bc8297-5f82-5ad6-8e5c-de4c04c0e7d6,2026-04-07,26,1468.824,13.88,1264.951,2315.51,29290.07,430.10,28859.97,confirmed,SYNTHETIC_DATA — safe to delete before loading real production data,synthetic
b81bef26-fecd-5367-b8e7-a1b24fd9dcff,SYN-PROC-2026-0188,94dd0a69-bd62-5b21-9ecd-debd59365206,545639a0-04e6-569d-b274-0e961b102b71,PADDY,97bc8297-5f82-5ad6-8e5c-de4c04c0e7d6,2026-03-17,40,1979.463,13.45,1713.225,2136.76,36607.51,329.17,36278.34,confirmed,SYNTHETIC_DATA — safe to delete before loading real production data,synthetic
db2283d1-c24a-550e-8488-c699b8768e95,SYN-PROC-2026-0189,5ab7d3e2-e9cc-5859-bdbc-46f09de27fa8,545639a0-04e6-569d-b274-0e961b102b71,PADDY,97bc8297-5f82-5ad6-8e5c-de4c04c0e7d6,2026-04-28,31,1595.749,17.19,1321.440,2147.91,28383.34,185.87,28197.47,confirmed,SYNTHETIC_DATA — safe to delete before loading real production data,synthetic
d80325a9-7dc4-5e82-b6f8-c87ecc788fcb,SYN-PROC-2026-0190,4f82da27-704a-56cf-99b4-1c72eb8cafd6,545639a0-04e6-569d-b274-0e961b102b71,PADDY,97bc8297-5f82-5ad6-8e5c-de4c04c0e7d6,2026-02-16,37,2017.810,17.27,1669.334,2249.21,37546.83,67.62,37479.21,confirmed,SYNTHETIC_DATA — safe to delete before loading real production data,synthetic
60662f74-bcd6-50c0-b50e-70f6a6d552c3,SYN-PROC-2026-0191,23433e80-4b4d-5fc9-828c-d1237653f7e8,9f8db97a-41f6-5609-9d0d-82930861f14c,CORN,97bc8297-5f82-5ad6-8e5c-de4c04c0e7d6,2026-02-19,27,1314.393,12.56,1149.305,1979.26,22747.73,383.46,22364.27,confirmed,SYNTHETIC_DATA — safe to delete before loading real production data,synthetic
e3f202e4-1eb7-5b08-b7cd-8a802d9f342f,SYN-PROC-2026-0192,01213c68-e6ce-5141-84ed-04d7577bbec7,545639a0-04e6-569d-b274-0e961b102b71,PADDY,97bc8297-5f82-5ad6-8e5c-de4c04c0e7d6,2026-01-14,13,784.607,16.37,656.167,2329.16,15283.18,111.85,15171.33,confirmed,SYNTHETIC_DATA — safe to delete before loading real production data,synthetic
5378e699-95cb-58ba-be29-39234cfead2a,SYN-PROC-2026-0193,24aff973-7678-5689-a9ed-67f64a577d80,545639a0-04e6-569d-b274-0e961b102b71,PADDY,97bc8297-5f82-5ad6-8e5c-de4c04c0e7d6,2026-03-18,23,1127.677,15.03,958.187,2329.32,22319.24,124.86,22194.38,draft,SYNTHETIC_DATA — safe to delete before loading real production data,synthetic
b308e457-e391-5c45-90c9-eb004d22ef2d,SYN-PROC-2026-0194,b293a166-efff-5a60-bd1c-ff7065fc3cf3,9f8db97a-41f6-5609-9d0d-82930861f14c,CORN,97bc8297-5f82-5ad6-8e5c-de4c04c0e7d6,2026-02-04,30,1596.743,13.97,1373.678,1967.35,27025.05,197.61,26827.44,confirmed,SYNTHETIC_DATA — safe to delete before loading real production data,synthetic
e58dfab4-8885-5b14-a226-a67b3d03f3dc,SYN-PROC-2026-0195,d0948db4-f218-5454-8105-b6f888e98eb2,545639a0-04e6-569d-b274-0e961b102b71,PADDY,97bc8297-5f82-5ad6-8e5c-de4c04c0e7d6,2026-05-02,7,339.814,16.28,284.492,2341.19,6660.50,69.18,6591.32,confirmed,SYNTHETIC_DATA — safe to delete before loading real production data,synthetic
64f9c1d7-e045-562e-ad05-28c3b62bafc9,SYN-PROC-2026-0196,9e0bcbe3-5678-5b4b-a6a5-64520cb23ff4,545639a0-04e6-569d-b274-0e961b102b71,PADDY,97bc8297-5f82-5ad6-8e5c-de4c04c0e7d6,2026-05-11,15,802.520,15.70,676.524,2352.78,15917.12,189.01,15728.11,confirmed,SYNTHETIC_DATA — safe to delete before loading real production data,synthetic
f4d3fcb7-bc15-5593-8aab-ba58596628fb,SYN-PROC-2026-0197,9e0bcbe3-5678-5b4b-a6a5-64520cb23ff4,545639a0-04e6-569d-b274-0e961b102b71,PADDY,97bc8297-5f82-5ad6-8e5c-de4c04c0e7d6,2026-06-19,24,1311.564,12.10,1152.865,2199.37,25355.77,55.58,25300.19,confirmed,SYNTHETIC_DATA — safe to delete before loading real production data,synthetic
9a82bcb8-127b-5fe2-9f5d-a640f2f505bc,SYN-PROC-2026-0198,9febcfb4-314c-5159-89a9-f56738306649,9f8db97a-41f6-5609-9d0d-82930861f14c,CORN,97bc8297-5f82-5ad6-8e5c-de4c04c0e7d6,2026-06-28,6,338.140,12.53,295.771,1996.68,5905.60,114.81,5790.79,confirmed,SYNTHETIC_DATA — safe to delete before loading real production data,synthetic
6cf25883-e30a-58a4-b381-51acfb50f7f5,SYN-PROC-2026-0199,2710acc5-cd4c-5876-ad24-d5416cd040b5,9f8db97a-41f6-5609-9d0d-82930861f14c,CORN,97bc8297-5f82-5ad6-8e5c-de4c04c0e7d6,2026-05-16,15,830.089,13.44,718.525,2032.38,14603.16,111.04,14492.12,confirmed,SYNTHETIC_DATA — safe to delete before loading real production data,synthetic
59da95ae-cedc-5533-a26d-88ae11a1c460,SYN-PROC-2026-0200,d3672b5a-1ab8-5a43-86e4-2f1f8a684393,545639a0-04e6-569d-b274-0e961b102b71,PADDY,97bc8297-5f82-5ad6-8e5c-de4c04c0e7d6,2026-06-04,17,820.507,13.88,706.621,2145.43,15160.06,209.36,14950.70,confirmed,SYNTHETIC_DATA — safe to delete before loading real production data,synthetic
